Workbook

Sheet Hadapan
F1: JABATAN PEMBANGUNAN KEMAHIRAN KEMENTERIAN SUMBER MANUSIA | Y1: JPK/SLDN/LP01 COPTPA 2023
A5: LAPORAN LAWATAN PANEL PENENTUSAHAN PENTAULIAHAN PROGRAM KEMAHIRAN
A7: NAMA PLK/PB SLDN
A8: KOD PB SLDN (jika ada) | O8: TARIKH PENTAULIAHAN
A9: TARIKH LAWATAN | O9: KOD PB MOSQ (jika ada) | Y9: -
A11: JENIS SYARIKAT/ AGENSI | H11: Kerajaan / Badan Berkanun | S11: Syarikat Berkaitan Kerajaan (GLC)
H13: Perusahaan Kecil & Sederhana (PKS) | S13: Syarikat Multinasional (MNC)
A15: KATEGORI PENENTUSAHAN | J15: / | K15: Biasa
K17: Induk. Nyatakan Nama PLK/PB Induk:_______________________________________
A19: MAKLUMAT PERMOHONAN
A20: 1 : KATEGORI PENYEDIA LATIHAN KEMAHIRAN (PLK) / PB
B22: / | D22: PUSAT LATIHAN | X22: SYARIKAT
D24: SYARIKAT LATIHAN DALAMAN (IN-HOUSE)
A26: 2 : JENIS PERMOHONAN PENTAULIAHAN
G27: / | H27: PROGRAM PENUH | R27: PROGRAM MICRO CREDENTIAL (MC)
D30: PROGRAM BAHARU | Q30: PEMBAHARUAN PROGRAM
B32: / | D32: PENAMBAHAN PROGRAM | Q32: PINDAAN MAKLUMAT:
S33: Nama PB SLDN | Z33: Tambah Premis / Cawangan
S34: Alamat PB SLDN | Z34: Kapasiti Program
A36: Tandakan ( / ) pada ruangan berkaitan
A38: A. VERIFIKASI DOKUMEN UMUM / PREMIS
A39: BIL | B39: PERKARA | X39: ADA | Y39: TIADA | AA39: CATATAN
A40: 1 | B40: Semakan dokumen asal (original) berdasarkan senarai semak permohonan
B41: a. | C41: Salinan *SSM/JPPM/SKM/PBT Sabah&Sarawah/Agensi kerajaan
B42: b. | C42: Pendaftaran dengan Pihak Berkuasa Tempatan (PBT) yang masih sah (dikecualikan bagi agensi Kerajaan/Badan Berkanun)
B43: c. | C43: Pendaftaran dengan agensi pelesenan:Jab. Kebajikan Masyarakat/Kem. Pelancongan/Kem. Kesihatan/Jab. Perhilitan/Majlis Agama Islam/Kem. Pelajaran (jika berkenaan)
B44: d | C44: Dokumen pemilikan premis atau perjanjian sewaan - dikecualikan bagi agensi Kerajaan/Badan Berkanun.
A45: 2 | B45: Premis beroperasi di alamat seperti yang dinyatakan dalam borang permohonan
A46: 3 | B46: Keselamatan premis
B47: b | C47: Mempunyai alat pemadam kebakaran dan berada di tempat yang sesuai
B48: c | C48: Menyediakan pelan kebakaran bagi keseluruhan premis
B49: d | C49: Menyediakan laluan kecemasan, petujuk "KELUAR", "UTAMAKAN KESELAMATAN"

Sheet B Verifikasi Kurikulum Bdg 1 da
A1: B1. VERIFIKASI KURIKULUM MODUL TERAS (BIDANG 1 COPTPA)
A2: KOD PROGRAM / NAMA PROGRAM
A3: A : RANCANGAN PENGAJARAN & PEMBELAJARAN | C3: C01 | D3: C02 | E3: C03 | F3: C04 | G3: C05 | H3: C08 | I3: C09 | J3: C10 | K3: Catatan
A4: A1 | B4: Jadual Perancangan Pelaksanaan | C4: ADA / TIADA
A5: A2 | B5: Senarai Kandungan Kurikulum (KM01) lampiran 3 * Jadual gabungan PL dan Syarikat
A6: A3 | B6: Nota/Modul/Kertas Penerangan
A7: A4 | B7: Proses Kerja berdasarkan NOSS (JPK/SLDN/PK01)(Untuk Kategori Syarikat Latihan Dalaman (In-HOUSE) dan Syarikat SLDN sahaja)
A8: B : PENILAIAN BERTERUSAN (bagi permohonan pembaharuan program sahaja) | C8: C01 | D8: C02 | E8: C03 | F8: C04 | G8: C05 | H8: C08 | I8: C09 | J8: C10 | K8: Catatan
A9: Penilaian Pengetahuan
A10: B1 | B10: Ujian Teori i.Kertas Tugasan ii.Kuiz | C10: TIDAK BERKAITAN | K10: -
A11: B2 | B11: Lain-lain (laporan teknikal,laporan perbincangan/ lawatan tapak, kajian kes, persembahan dan lain-lain yang sesuai) | C11: TIDAK BERKAITAN | K11: -
A12: Penilaian Prestasi (terpakai untuk kategori Syarikat in-house sahaja)
A13: B3 | B13: Ujian Amali i.Proses kerja ii.Hasil kerja (produk/servis/keputusan) iii.Sikap/keselamatan iv.Lisan Ujian amali boleh dilaksanakan dalam bentuk mini projek TVET, Case study, simulasi, bukti-bukti rekod kerja di bengkel. Pembaharuan Program Sahaja *Latihan melalui kertas kerja tidak diambil kira sebagai ujian amali | C13: TIDAK BERKAITAN | K13: -
A14: C: PENILAIAN AKHIR | C14: C01 | D14: C02 | E14: C03 | F14: C04 | G14: C05 | H14: C08 | I14: C09 | J14: C10 | K14: Catatan
A15: Penilaian Akhir Kendiri (Dalaman)
A16: C1 | B16: i.Penilaian Akhir Pengetahuan ii.Penilaian Akhir Prestasi (Merujuk kepada panduan pembangunan soalan penilaian latihan kemahiran yang sedang berkuatkuasa) | C16: TIDAK BERKAITAN | K16: -
A17: Penilaian Akhir Verifikasi PPL
A18: C2 | B18: i.Penilaian Akhir Pengetahuan ii.Penilaian Akhir Prestasi (Merujuk kepada panduan pembangunan soalan penilaian latihan kemahiran yang sedang berkuatkuasa) | C18: TIDAK BERKAITAN | K18: -
A19: B2. VERIFIKASI KURIKULUM MODUL WAJIB (BIDANG 1 COPTPA)
A20: A : CORE ABILITY (CA) (semasa permohonan pembaharuan sahaja) | C20: Kertas Penerangan/ Nota Latihan | G20: Kertas Penilaian Pengetahuan | I20: Kertas Penilaian Prestasi | M20: Catatan
A21: 1 | B21: CA (TAHAP 1) | C21: ADA / TIADA / TIDAK BERKAITAN | G21: ADA / TIADA / TIDAK BERKAITAN | K21: TIADA | M21: TIDAK DISERTAKAN
A22: 2 | B22: CA (TAHAP 2) | C22: ADA / TIADA / TIDAK BERKAITAN | G22: ADA / TIADA / TIDAK BERKAITAN | K22: TIADA | M22: TIDAK DISERTAKAN
A23: 3 | B23: CA (TAHAP 3) | C23: ADA / TIADA / TIDAK BERKAITAN | G23: ADA / TIADA / TIDAK BERKAITAN | K23: TIADA | M23: TIDAK DISERTAKAN
A24: 4 | B24: CA (TAHAP 4) | C24: ADA / TIADA / TIDAK BERKAITAN | G24: ADA / TIADA / TIDAK BERKAITAN | K24: TIDAK BERKAITAN | M24: TIDAK BERKAITAN
A25: 5 | B25: CA (TAHAP 5) | C25: ADA / TIADA / TIDAK BERKAITAN | G25: ADA / TIADA / TIDAK BERKAITAN | K25: TIDAK BERKAITAN | M25: TIDAK BERKAITAN
A26: B : MODUL PENYEDIA TVET (ISI YANG BERKAITAN | C26: Rangka Kursus (Course Outline) | G26: PKK Teori / PKK Amali / Penilaian Akhir Teori / Penilaian Akhir Amali | I26: Catatan

Sheet C Verifikasi Personel+JPS Bdg 4
A1: C1 : SEMAKAN PERSONEL (BIDANG 4 COPTPA)
A2: BIL | B2: LANTIKAN (PPB/Pengajar/Coach/ Penyelaras) | C2: NAMA | D2: SURAT LANTIKAN DAN TERIMA MENGIKUT PROGRAM (ADA/TIADA) | E2: SIJIL INDUKSI SLDN (ADA/TIADA) | F2: PENGIKTIRAFAN PERSONEL (ADA/TIADA) | G2: SKM / DKM / DLKM (TANDA YANG BERKAITAN) | H2: DIPLOMA / IJAZAH a)Diploma / Ijazah dalam bidang dan 2 tahun pengalaman kerja; atau b)Diploma / Ijazah sarjana muda TVET dalam program yang berkaitan (ADA / TIADA) | I2: SIJIL TEKNIK MENGAJAR VTO / VTE / VTM / Pengajaran TVET (TVET-i) / Pengurusan TVET (TVET-m) | J2: Sijil Teknik Mengajar yang diluluskan oleh KPPK (ADA / TIADA) | K2: Sijil Bagi Program yang Melibatkan Agensi Penguatkuasaan atau Badan Pelesenan (ADA / TIADA) | L2: PENGALAMAN (TAHUN) | N2: Catatan
L3: KERJA DALAM BIDANG | M3: MENGAJAR DALAM BIDANG
A4: 1
A5: 2
A6: 3
A7: 4
A8: 5
A9: 6
A10: SYOR
A11: NOTA i.Personel yang dilantik sebagai Pengajar dan Coach hendaklah individu yang berlainan. ii.Personel Pengajar (Sepenuh Masa) yang berstatus pekerja tetap. iii.Pengajar separuh masa boleh dilantik tetapi tidak boleh melebihi 40% dari jumlah keseluruhan pengajar. *rujuk panduan yang sedang berkuatkuasa dokumen asal hendaklah dikemukakan kepada panel semasa lawatan
A12: C2 : SEMAKAN JAWATANKUASA PENILAIAN (hanya untuk permohonan pembaharuan program sahaja)
A13: (ADA/ TIADA/TIDAK BERKAITAN)
A14: Nota: Setiap bidang hendaklah mempunyai Jawatankuasa Penilaian yang berlainan.

Sheet D Verifikasi FIZIKAL Bdg 5
A1: D. VERIFIKASI FIZIKAL (BIDANG 5 COPTPA)
A2: D1 : SENARAI PERALATAN DAN KEMUDAHAN TEORI BERDASARKAN CU/Duti/WA/Task (JPK/PP01)
A3: Bil | B3: PERKARA | D3: STATUS | F3: CATATAN
A4: 1 | B4: Semakan Peralatan ( Meja / Kerusi / AVA dan lain- lain) | D4: Peraku / Tidak Diperaku
A5: 2 | B5: Peralatan Simulasi/ Pelesenan program | D5: Ada / Tiada / Tidak Berkaitan
A6: 3 | B6: Verifikasi Bilik Teori | D6: KAPASITI | E6: PENCAHAYAAN | F6: CATATAN
B7: i. Kapasiti perantis bagi setiap kelas/bilik latihan. | C7: Kelas/Bilik Kuliah 1 | E7: Sesuai / Tidak Sesuai
C8: Kelas/Bilik Kuliah 2 | E8: Sesuai / Tidak Sesuai
C9: Kelas/Bilik Kuliah 3 | E9: Sesuai / Tidak Sesuai
B10: ii. Kapasiti perantis keseluruhan jika program berjalan serentak
A11: D2 : SENARAI PERALATAN DAN KELENGKAPAN PRAKTIKAL BERDASARKAN CU/Duti/WA/Task (JPK/PS01) ( Untuk SYARIKAT LATIHAN DALAMAN (IN-HOUSE) sahaja)
A12: Bil | B12: Perkara | D12: STATUS / KAPASITI | F12: CATATAN
A13: 1 | B13: Semakan Peralatan Berdasarkan CU/Duti/WA/Task | D13: Peraku / Tidak Diperaku
A14: 2 | B14: Premis sesuai untuk latihan praktikal | D14: Peraku / Tidak Diperaku
A15: 3 | B15: Pencahayaan dan pengudaraan dalaman sesuai untuk latihan praktikal | D15: Sesuai / Tidak Sesuai
A16: 4 | B16: Kapasiti perantis keseluruhan jika program berjalan serentak | D16: -
A17: D3: VERIFIKASI PERALATAN DI SYARIKAT / AGENSI / PREMIS LUAR (jika berkaitan)
A18: CU/Duti/WA/Task terlibat :
A19: Bil | B19: Perkara | D19: STATUS | F19: CATATAN
A20: 1 | B20: Penilaian Proses Kerja (JPK/PK01) | F20: -
A21: 2 | B21: Penilaian Peralatan berdasarkan CU/Duti/WA/Task (JPK/PS01)
A22: 3 | B22: Premis sesuai untuk latihan praktikal
A23: 4 | B23: MOU
A24: 5 | B24: Nama dan Alamat Agensi / Premis Luar

Sheet E COPTPA
A1: E: PENILAIAN KRITERIA DAN STANDARD PENTAULIAHAN PROGRAM (COPTPA)
A2: Jenis permohonan: B – Program Baharu P – Pembaharuan T – Penambahan program | F2: Kategori Skala Penilaian: | G2: Skor mengikut kategori penilaian
F3: P=Pengurusan/ Proses | G3: Dokumen/lisan/pemerhatian: 0 –Tiada (0%) 1 –Ada dan dilaksanakan sebahagiannya (<50%) 2 –Ada dan dilaksanakan sebahagiannya (50% sehingga 90%) 3 –Dilaksanakan sepenuhnya (>90%)
F4: D=Dokumen | G4: Softcopy/hardcopy: 0 –Tiada (0%) 1 –Ada dan tidak lengkap (<50%) 2 –Ada dan lengkap sebahagian (50% sehingga 90%) 3 –Lengkap (>90%)
F5: F=Fizikal | G5: 0 –Tiada (0%) 1 –Ada sebahagian yang selamat atau berfungsi (<50 %) 2 –Ada sebahagian yang selamat atau berfungsi (50% sehingga 90%) 3 –Memenuhi dari segi bilangan, keselamatan dan kefungsian (>90%)
A6: BIDANG 1: PEMBANGUNAN DAN PENYAMPAIAN PROGRAM
A7: STANDARD TVET | C7: JENIS PERMOHONAN | F7: PANDUAN KEPADA APV | G7: RUBRIK PEMARKAHAN | H7: KATEGORI SKALA PENILAIAN | I7: PEMBERAT | J7: SKOR | K7: JUMLAH SKOR | L7: CATATAN
A8: 1.1 | B8: Objektif Pendidikan Program | C8: B | D8: P | E8: T | H8: =IF(Hadapan!B30<>"","B",IF(Hadapan!P30<>"","P",IF(Hadapan!B32<>"","T",""))) -> T | K8: {=IF(F8:F28="","",IF((I8:I28*J8:J28)=0,"",(I8:I28*J8:J28)))}
A9: 1.1.1 | B9: Objektif program mestilah selari dengan visi, misi dan matlamat PLKT/Penyedia TVET. | C9: √ | E9: √ | F9: Menyemak a. Kesesuaian objektif program yang disediakan b. Hubung kait antara visi, misi dan matlamat PLK/PB dengan objektif program. Contoh bukti yang dilihat seperti: i. Website ii. Student’s handbook; iii. Poster iv. Brosur; v. Profil Syarikat (Company profile); atau vi. Apa-apa dokumen yang menerangkan visi, misi dan matlamat dengan objektif program | G9: 0 - Tiada 1 - Ada misi, visi dan matlamat tetapi tiada objektif program. 2 - Ada objektif program tetapi tidak sesuai dengan visi, misi dan matlamat Penyedia TVET. 3 - Objektif program selari dengan visi, misi dan matlamat Penyedia TVET. | H9: D | I9: 1
A10: 1.2 | B10: Hasil Pembelajaran Program | C10: B | D10: P | E10: T
A11: 1.2.1 | B11: Program mestilah selari dan menyokong visi, misi dan sasaran PLKT/Penyedia TVET | C11: √ | E11: √ | F11: Menyemak sama ada visi, misi dan matlamat adalah selari dengan PLO (Program Learning Outcome) bagi melahirkan graduan dalam jurusan/bidang yang disasarkan oleh PLK/PB. | G11: 0 - Tiada 1 - Ada misi, visi dan matlamat tetapi tiada hasil pembelajaran. 2 - Ada misi, visi dan matlamat dan ada hasil pembelajaran tetapi tidak sesuai. 3 - Misi, visi dan matlamat selari dengan hasil pembelajaran. | H11: P | I11: 1
A12: 1.2.2 | B12: Penawaran program mestilah berlandaskan dapatan penilaian tentang keperluan program. PLKT/Penyedia TVET mestilah mempunyai jawatan kuasa rasmi yang bertanggungjawab mengendalikan sesi konsultasi dengan pihak dalaman dan luaran, kajian pasaran, analisis keperluan pekerjaan dan menjangka kebolehpasaran graduan program selari dengan perkembangan teknologi dan bidang program. | C12: √ | E12: √ | F12: Menilai dan mengesahkan program yang dilaksanakan dengan mengambil kira kajian pasaran, analisis keperluan pekerjaan dan menjangka kebolehpasaran. Semakan boleh mengambil kira perkara berikut: i. Jawatankuasa kajian pasaran program Carta organisasi PPPB /Jawankuasa Penilaian; ii. Laporan kajian / Minit Mesyuarat PPPB/Jawankuasa Penilaian ; atau iii. Dokumen lain yang berkaitan | G12: 0 - Tiada 1 – Memenuhi salah 1 penilaian keperluan program. 2 - Memenuhi sekurang-kurangnya 2 penilaian keperluan program. 3 - Memenuhi semua penilaian keperluan program. | H12: P | I12: 1
A13: 1.2.3 | B13: Objektif, hasil pembelajaran, penyampaian program TVET mesti dinyatakan dengan jelas dan perlu mencakupi strategi pengajaran dan pembelajaran,penilaian dan penjajaran konstuktif diantaranya. | C13: √ | E13: √ | F13: Menilai perkaitan antara hubung kait antara objektif, hasil pembelajaran dan strategi pelaksanaan program berdasarkan maklumat yang dibekalkan. | G13: 0 - Tiada 3 - Ada | H13: P | I13: 1
A14: 1.2.4 | B14: PLO mesti sesuai dengan diskripsi tahap dan lima kluster hasil pembelajaran yang dinyatakan dalam MQF. Lima kluster hasil pembelajaran seperti berikut: i. Pengetahuan dan pemahaman ii. Kemahiran kognitif iii. Kemahiran kefungsian kerja (kemahiran praktikal/ interpersonal/ komunikasi/ digital/ kepimpinan iv. Kemahiran keusahawanan* v. Etika dan profesionalisma | C14: √ | E14: √ | F14: Menilai dan mengesahkan kefahaman PLK/PB berkaitan hasil pembelajaran dalam program merujuk kepada 5 kluster hasil pembelajaran. | G14: 0 - Tiada 3 - Ada | H14: P | I14: 1
A15: 1.2.5 | B15: Berdasarkan Hasil Pembelajaran yang dinyatakan, senaraikan kerjaya dan pilihan menyambung pengajian apabila pelajar telah menamatkan pengajian mereka. | C15: √ | E15: √ | F15: Menilai dan mengesahkan laluan peluang kerjaya dan pengajian yang boleh diterima pelajar. Contoh bukti yang dilihat seperti: i. Website; ii. Student’s handbook; iii. Poster; iv. Brosur; atau v. Dokumen lain yang berkaitan | G15: 0 - Tiada 1 – Ada salah satu elemen; Laluan peluang kerjaya atau pengajian. 3 - Ada kedua-dua elemen; Laluan peluang kerjaya dan pengajian. | H15: D | I15: 1
A16: 1.3 | B16: Pembangunan Program | C16: B | D16: P | E16: T
A17: 1.3.1 | B17: TVET program hanya boleh dipertimbangkan jika kurikulum program tersebut dibangunkan berlandaskan Occupational / Industry Standards and Practices (OISP) atau NOSS. | C17: √ | E17: √ | F17: Mengesahkan program menepati keperluan yang ditetapkan NOSS. | G17: 0 - Tiada 3 - Ada | H17: D | I17: 3
A18: 1.3.2 | B18: Kurikulum yang ditawarkan mestilah memenuhi keperluan OISP yang dinyatakan, standard TVET, standard program (yang berkaitan), keperluan profesional,keperluan industri, amalan baik yang selari dengan teknologi baharu dan akan datang. (Standard ini turut merujuk 1.3.3) | C18: √ | D18: √ | E18: √ | F18: Menyemak, menilai dan mengesahkan maklumat program dan kurikulum menepati keperluan yang ditetapkan NOSS dan peraturan serta panduan pelaksanaan yang sedang berkuat kuasa. | G18: 0 - Tiada 3 - Ada | H18: D | I18: 3
A19: 1.3.4 | B19: Penyedia TVET mestilah mempunyai autonomi dalam mereka bentuk kurikulum dan menggunapakai sumber berkaitan seperti ketetapan OISP. | C19: √ | D19: √ | E19: √ | F19: Mengesahkan kandungan dan struktur latihan. Antara bukti yang disemak seperti: i. Kurikulum, ii. Senarai modul dan jam kredit; atau iii. Jadual pelaksanaan latihan. | G19: 0 - Tiada 1 – Tidak lengkap <50% 2 - Tidak lengkap >50% 3 - Lengkap | H19: P | I19: 3
A20: 1.3.7 | B20: Penyedia TVET mestilah menjalankan aktiviti yang boleh memperkayakan pengalaman dan meningkatkan perkembangan diri pelajar. (tidak terpakai kepada program ODL dan program yang dibangunkan untuk pelajar matang) | C20: √ | D20: √ | E20: √ | F20: Komen kesesuaian aktiviti yang disediakan oleh Penyedia TVET dalam meningkatkan pengalaman dan perkembangan diri pelajar. *Nota: Pendedahan industri bagi program SLDN / ADI diberikan secara automatik | G20: 0 - Tiada 1 – Ada 1 atau 2 bukti 2 - Ada 3 bukti 3 - Ada semua bukti | H20: P | I20: 3
A21: 1.4 | B21: Penyampaian Program | C21: B | D21: P | E21: T
A22: 1.4.1 | B22: Penyedia TVET mestilah bertanggungjawab dalam memastikan keberkesanan penyampaian hasil pembelajaran program. | D22: √ | F22: Menyemak borang maklum balas dan laporan analisa bagi keberkesanan hasil pembelajaran program. Contoh bukti yang dilihat seperti: i. Borang maklum balas program; ii. Analisa maklum balas program iii. Minit Mesyuarat; atau iv. Dokumen-dokumen lain yang boleh menyokong maklumat tersebut. | G22: 0 - Tiada 1 – Ada borang maklumbalas sahaja 2 – Ada borang dan analisa sahaja 3 – Ada borang, analisa dan dibentangkan | H22: D | I22: 3
A23: 1.4.2 | B23: Maklumat berkaitan objektif, struktur, outline kursus, jadual, jam kredit, LO, kaedah penilaian program dan lain-lain maklumat terkini berkaitan program wajib disampaikan kepada pelajar. | D23: √ | F23: Menyemak dan mengesahkan maklumat terkini disampaikan kepada pelatih/perantis. Contoh bukti yang dilihat seperti: i. Website; ii. Panduan Pelajar (Student’s handbook); iii. Poster; iv. Brosur; atau v. Dokumen-dokumen lain yang boleh menyokong maklumat tersebut. | G23: 0 - Tiada 1 – Ada sebahagian daripada maklumat. 2 – Ada objektif, struktur, outline kursus, jadual, jam kredit, LO, kaedah penilaian program 3 - Ada objektif, struktur, outline kursus, jadual, jam kredit, LO, kaedah penilaian program dan disampaikan kepada pelajar | H23: D | I23: 1
A24: 1.4.3 | B24: Koordinator sepenuh masa dan tenaga pengajar TVET (contoh jawatankuasa program) mesti dilantik dan diberi kuasa untuk memastikan pengendalian program dapat dilakukan secara berkesan. | C24: √ | E24: √ | F24: Membuat semakan dan pengesahan pelantikan koordinator, tenaga pengajar dan Panel Penilaian Pusat Bertauliah (PPPB) / Jawatankuasa Penilaian SLDN. Antara bukti yang dilihat seperti: i. Surat pelantikan ii. Carta organisasi iii. Minit mesyuarat PPPB/Jawatankuasa Penilaian | G24: 0 - Tiada 1 – Surat lantikan sahaja 2 – Surat PPKSPP bagi Pengajar 3 – Semua dokumen surat lantikan, PPKSPP dan JD. | H24: P | I24: 3
A25: 1.4.4 | B25: Penyedia TVET diwajibkan untuk menyediakan persekitaran yang kondusif untuk proses pengajaran dan pembelajaran | C25: √ | E25: √ | F25: Menyemak dan mengesahkan: i. Bilik kuliah dan bengkel disediakan ii. Sistem pencahayaan dan pengudaraan yang baik iii. Persekitaran yang sesuai dan kondusif iv. Keselamatan premis latihan dan bengkel di patuhi (disertakan pengesahan dari agensi berkaitan) | G25: 0 - Tiada / Ada tetapi tidak selamat. 1 - Ada tetapi tidak kondusif. 3 - Ada, selamat dan kondusif. Nota Standard ini dibaca bersama Standard 5.1 dalam bidang 5.0 Sumber Pendidikan. | H25: F | I25: 3
A26: 1.4.5 | B26: Penyedia TVET mestilah menggalakkan inovasi untuk proses pengajaran dan pembelajaran seperti Work Base Learning (WBL), pembelajaran mod campuran, pembelajaran atas talian, apprenticeship, projek dan sebagainya. | C26: √ | E26: √ | F26: Menyemak dan mengesahkan Pengesahan pelaksanaan kaedah pembelajaran yang bersesuaian dengan program. Antara bukti yang dilihat seperti: i. Pengajaran secara simulasi ii. E-learning iii.SLDN / Work-based learning atau apa-apa kaedah lain yang bersesuaian bagi pembelajaran dan pengajaran | G26: 0 - Tiada 1 – Ada salah satu 3 – Ada semua | H26: P | I26: 1
A27: 1.4.6 | B27: Penyedia TVET mestilah mendapatkan maklum balas/input daripada pihak berkepentingan untuk menambah baik penyampaian hasil pembelajaran program. | D27: √ | F27: Membuat semakan dan pengesahan terdapat kaedah mendapatkan maklum balas/input pihak berkepentingan. Contoh bukti yang dilihat seperti: i. Borang maklum balas majikan / course critique; ii. Minit mesyuarat atau laporan TAC / Jawatankuasa Penilaian / PPL; iii. Laporan pendedahan industri/ Latihan industri;atau iv. Bukti-bukti lain yang bersesuian. | G27: 0 - Tiada 1 – Ada maklumbalas sahaja 2 – Ada maklumbalas dan analisa sahaja 3 – Ada maklumbalas, analisa dan tindakan penambahbaikan | H27: D | I27: 3
A28: 1.4.7 | B28: Penyedia TVET mestilah sentiasa berhubungan dengan pihak industri bagi meningkatkan penyampaian program. | D28: √ | F28: Membuat semakan dan pengesahan bagaimana kerjasama industri dilaksanakan. Antara perkara yang boleh disemak: i. Minit mesyuarat Jawankuasa Penilaian; ii. Maklumbalas daripada pihak industri contohnya: buku log pelatih / perantis atau laporan; iii. Surat kerjasama / MoU; atau iv. Dokumen lain yang berkaitan | G28: 0 - Tiada 1 – TAC sahaja 2 – TAC dan MOU/NOU/LOI tetapi tiada aktiviti 3 – TAC dan MOU/NOU/LOI dan ada aktiviti | H28: P | I28: 3
A29: BIDANG 2: PENILAIAN PEMBELAJARAN PELAJAR
A30: STANDARD TVET | C30: JENIS PERMOHONAN | F30: PANDUAN KEPADA APV | G30: RUBRIK PEMARKAHAN | H30: KATEGORI SKALA PENILAIAN | I30: PEMBERAT | J30: SKOR | K30: JUMLAH SKOR | L30: CATATAN APV
A31: 2.1 | B31: Hubungan Antara Penilaian dan Hasil Pembelajaran | C31: B | D31: P | E31: T | K31: {=IF(F31:F47="","",IF((I31:I47*J31:J47)=0,"",(I31:I47*J31:J47)))}
A32: 2.1.1 | B32: Prinsip, kaedah dan amalan penilaian mestilah selari dengan pencapaian hasil pembelajaran program dan konsisten dengan tahap yang dinyatakan dalam MQF. | D32: √ | F32: Menyemak dan mengesahkan kaedah pelaksanaan penilaian. Antara bukti yang dilihat adalah dokumen penilaian kemahiran berkaitan | G32: 0 – Tiada 1 – Ada dan lengkap bagi 1 perkara daripada JPPKK/C/(A3&A4)/B3 2 - Ada dan lengkap 3 perkara daripada JPPKK/ C/ (A3&A4)/B3 3 – Semua dokumen telah dipenuhi * Dokumen Penilaian / Jadual pembangunan BPDP & Penilaian JPPKK/ C/ (A3&A4)/B3 ( Jadual Pembahagian Penilaian Kerja Kursus), C= PENILAIAN KERJA KURSUS (PKK) & PENILAIAN AKHIR DALAMAN (PAD) / PENILAIAN AKHIR (PA) BAGI MODUL TERAS A3 = Jadual Penetapan Peratusan Masa Aktiviti Pembelajaran Penilaian (JPPMAPP) A4 = Jadual Pembahagian Masa Pembelajaran Bersemuka (JPMPB) B3 = Kertas Tugasan (Assignment Sheet) | H32: D | I32: 3
A33: 2.1.2 | B33: Penjajaran antara penilaian dan pencapaian hasil pembelajaran program perlu disemak secara sistematik dan berkala untuk memastikan keberkesanan pengukurannya. | D33: √ | F33: Rujuk 2.1.1 | G33: 0 – Tiada 1 – Ada dan lengkap bagi 1 perkara daripada JPPKK/C/(A3&A4)/B3 2 - Ada dan lengkap 3 perkara daripada JPPKK/ C/ (A3&A4)/B3 3 – Semua dokumen telah dipenuhi | H33: D | I33: 3
A34: 2.1.3 | B34: Kaedah penilaian untuk mengukur kemahiran praktikal (domain psikomotor) perlu diselaraskan dengan tahap kompetensi untuk memastikan pencapaian kemahiran yang dinyatakan. | D34: √ | F34: Rujuk 2.1.1 | G34: 0 – Tiada 1 – Ada dan lengkap bagi 1 perkara daripada JPPKK/C/(A3&A4)/B3 2 - Ada dan lengkap 3 perkara daripada JPPKK/ C/ (A3&A4)/B3 3 – Semua dokumen telah dipenuhi | H34: D | I34: 3
A35: 2.1.4 | B35: Kaedah penilaian yang digunakan untuk mengukur kemahiran fungsional, personal dan etika mestilah selari dengan tahap kompetensi bagi memastikan hasil pembelajaran tercapai. | D35: √ | F35: Rujuk 2.1.1 | G35: 0 – Tiada 1 – Ada dan lengkap bagi 1 perkara daripada JPPKK/C/(A3&A4)/B3 2 - Ada dan lengkap 3 perkara daripada JPPKK/ C/ (A3&A4)/B3 3 – Semua dokumen telah dipenuhi | H35: D | I35: 3
A36: 2.2 Kaedah Penilaian
A37: 2.2.1 | B37: Kekerapan, kaedah dan kriteria penilaian pelajar (termasuk sistem penggredan dan dasar rayuan) perlu didokumenkan dan disebar luas kepada pelajar semasa program berjalan. | D37: √ | F37: Menyemak struktur dan jadual perancangan penilaian dan kaedah penyampaian maklumat kepada pelatih/perantis. Antara bukti yang dilihat seperti: i. Jadual pelaksanaan latihan dan penilaian ii. Rekod Bukti Penilaian iii. Notis Makluman / Website iv. Student’s handbook - Panduan berkaitan pelaksanaan dan penilaian latihan serta prosedur rayuan | G37: 0 – Tiada 1 – Ada dan lengkap bagi 1 daripada semua perkara 2 - Ada dan lengkap 2 perkara daripada semua perkara 3 – Semua dokumen dan prosedur dipenuhi | H37: D | I37: 3
A38: 2.2.2 | B38: Kaedah dan mekanisme penilaian mestilah pelbagai dan sesuai bagi menilai hasil pembelajaran dan kompetensi. | D38: √ | F38: Menyemak dan mengesahkan dokumen penilaian yang disediakan. Antara bukti yang dilihat seperti: i. Dokumen penilaian berterusan dan PenilaianAkhir (PA) ii. Penilaian secara dalam talian (Online assessment) iii. Projek Akhir | G38: 0 – Tiada 1 – Ada dan lengkap bagi 1 perkara daripada JPPKK/C/(A3&A4)/B3 2 - Ada dan lengkap 3 perkara daripada JPPKK/ C/ (A3&A4)/B3 3 – Semua dokumen telah dipenuhi | H38: P | I38: 1
A39: 2.2.3 | B39: Penyedia TVET hendaklah mempunyai mekanisme dan proses semakan kaedah penilaian pelajar secara berkala dalam memastikan kaedah penilaian yang digunapakai adalah sahih, boleh dipercayai dan terkini. | D39: √ | F39: Menyemak kesesuaian mekanisma dan proses semakan semula kaedah penilaian pelatih / perantis melalui penelitian terhadap perkara berikut: i. Carta alir Proses pembangunan soalan penilaian berterusan dan penilaian akhir. ii. Proses dan peranan PPPB / TAC / Jawankuasa Penilaian iii. Minit Mesyuarat PPPB/TAC/ Jawankuasa Penilaian iv. Dokumen lain yang berkaitan | G39: 0 – Tiada 1 – Ada lantikan PPPB/TAC & peranan 2 - Ada lantikan PPPB dan TAC & peranan 3 – Ada lantikan PPPB, lantikan TAC dan minit mesyuarat yang lengkap dan menyatakan perkara ini | H39: P | I39: 1
A40: 2.2.4 | B40: Perubahan terhadap kaedah penilaian pelajar hendaklah dilakukan selari dengan prosedur dan peraturan yang telah ditetapkan serta dimaklumkan kepada pelajar sebelum pelaksanaannya. | D40: √ | F40: Semakan dan mengesahkan mekanisma pemakluman kepada pelatih/perantis. Contoh bukti yang dilihat seperti: i. Notis hebahan/ Notis makluman ii. Website iii. Perhimpunan bulanan; iv. Dan lain-lain | G40: 0 – Ada perubahan tetapi tiada pemakluman 1 – Tiada perubahan kaedah penilaian / ada perubahan dan ada pemakluman | H40: P | I40: 1
A41: 2.3 Penilaian Berasakan Kompetensi
A42: 2.3.1 | B42: Penilaian berasaskan kecekapan dijalankan sebagai proses pengumpulan bukti mengenai prestasi dan pengetahuan seseorang tentang standard kompetensi sesuatu pekerjaan/industri. Penilaian berasaskan kecekapan biasanya bukan satu set peperiksaan. | D42: √ | F42: Menyemak dan mengesahkan dokumen penilaian yang dibangunkan mematuhi Sistem Persijilan Kemahiran Malaysia (SPKM) dan memenuhi kriteria penilaian berdasarkan NOSS. Antara bukti yang dilihat seperti: i. Dokumen penilaian berterusan dan Penilaian Akhir (PA) ii. Penilaian secara dalam talian (Online assessment) iii. Projek Akhir | G42: 0 – Tiada 1 – Ada dan lengkap bagi 1 perkara daripada JPPKK/C/(A3&A4)/B3 2 - Ada dan lengkap 3 perkara daripada JPPKK/ C/ (A3&A4)/B3 3 – Semua dokumen telah dipenuhi | H42: D | I42: 3
A43: 2.4 Pengurusan Penilaian Pelajar
A44: 2.4.2 | B44: Perlu ada mekanisme untuk memastikan kerahsiaan dokumen dan rekod penilaian. | D44: √ | F44: Menyemak mekanisme memastikan kerahsiaan dokumen dan rekod penilaian. Antara yang boleh disemak seperti: i. SOP pengurusan dokumen penilaian dan kerahsiaan ii. Lantikan pegawai bertanggungjawab terhadap pengurusan dokumen penilaian iii. Borang atau buku rekod yang digunakanbagi pengurusan dokumen penilaian; dan iv. Tempat simpanan dokumen penilaian yang mempunyai ciri keselamatan. | G44: 0 – Tiada 1 – Ada dan lengkap 1 perkara daripada semua perkara 2 - Ada dan lengkap 2 perkara daripada semua perkara 3 – Semua dokumen dan prosedur dipenuhi | H44: P | I44: 1
A45: 2.4.3 | B45: Keputusan penilaian mesti dimaklumkan kepada pelajar sebelum bermulanya semester baharu untuk memudahkan penilaian status pencapaian pelajar. | D45: √ | F45: Menyemak kesesuaian mekanisma penyampaian keputusan penilaian kepada pelatih/perantis untuk peningkatan tahap seterusnya (Contohnya slip keputusan penilaian yang dijana daripada sistem). Contoh mekanisma penyampaian: i. Training Management System (TMS); ii. Email; iii. Website; atau iv. Apa-apa kaedah penyampaian yang bersesuaian | G45: 0 – Tiada 1 – Ada pemakluman | H45: P | I45: 1
A46: 2.4.4 | B46: Penyedia TVET mesti mempunyai mekanisme dan panduan yang sesuai untuk pelajar membuat rayuan terhadap keputusan penilaian kursus mereka. | D46: √ | F46: Menyemak kesesuaian proses dan mekanisme rayuan. Antara yang boleh disemak i. Student’s handbook ii. Carta alir proses iii.Dokumen berkaitan. | G46: 0 – Tiada 1 – Ada panduan/ carta alir/ hebahan/ panduan tidak lengkap 3 - Ada panduan yang lengkap dan hebahan | H46: P | I46: 1
A47: 2.4.5 | B47: Penyedia TVET mesti membuat kajian semula terhadap pengurusan penilaian pelajar secara berkala dan mengambil tindakan yang bersesuaian berdasarkan dapatan kajian. | D47: √ | F47: Menyemak kesesuaian pengurusan penilaian pelatih/perantis. Antara dokumen yang boleh disemak: i. Minit mesyuarat PPPB/ Jawankuasa Penilaian/ pengurusan ii. Laporan penilaian pelatih/perantis; atau iii. Dokumen lain yang bersesuaian | G47: 0 – Tiada 1 – Ada Laporan/ Dapatan 2 - Ada Laporan/ Dapatan dan dibincangkan dalam Mesyuarat 3 – Semua dipatuhi | H47: P | I47: 1
A48: BIDANG 3: PEMILIHAN PELAJAR DAN KHIDMAT SOKONGAN
A49: STANDARD TVET | C49: JENIS PERMOHONAN | F49: PANDUAN KEPADA APV | G49: RUBRIK PEMARKAHAN | H49: KATEGORI SKALA PENILAIAN | I49: PEMBERAT | J49: SKOR | K49: JUMLAH SKOR | L49: CATATAN APV
A50: 3.1 | B50: Artikulasi dan Pindahan | C50: B | D50: P | E50: T | K50: {=IF(F50:F71="","",IF((I50:I71*J50:J71)=0,"",(I50:I71*J50:J71)))}
A51: 3.1.4 | B51: Penyedia TVET dikehendaki menetapkan syarat kemasukan dan menjalankan proses saringan serta bimbingan yang sesuai berdasarkan pencapaian pelajar, bidang dan reka bentuk program bagi membantu pelajar untuk menyelesaikan pengajian mereka. Penyedia TVET digalakkan merekabentuk program akademik atau program TVET yang menyediakan laluan yang jelas kepada graduan TVET. | C51: √ | D51: √ | E51: √ | F51: Membuat semakan dan mengesahkan syarat kemasukan dan prosedur saringan bagi pengambilan pelatih selaras dasar yang ditetapkan JPK dan pra- syarat yang ditetapkan dalam NOSS. Antara dokumen yang boleh disemak seperti: i. Polisi / dasar berkaitan; ii. Rekod saringan pengambilan pelatih (temuduga/ ujian kemasukan/ portfolio dsb); atau iii. Dokumen lain yang berkaitan | G51: 0 – Tiada 1 – Ada dan lengkap bagi 1 perkara daripada semua perkara 2 - Ada dan lengkap 2 perkara daripada semua perkara 3 – Semua dokumen dan prosedur dipenuhi | H51: D | I51: 1
A52: 3.1.10 | B52: Kriteria dan proses pemilihan pelajar mesti telus dan objektif. | C52: √ | D52: √ | E52: √ | F52: Menyemak kriteria dan proses pemilihan pelatih / perantis. Antara yang boleh disemak: i. Student handbook yang sedang berkuatkuasa; ii. Iklan bagi program yang ditawarkan; atau iii. Platform lain yang bersesuaian | G52: 0 – Tiada 3 – Ada proses dan lengkap | H52: P | I52: 1
A53: 3.1.11 | B53: Pengambilan pelajar mesti selari dengan keupayaan Penyedia TVET/ Jabatan/ Fakulti yang berkaitan untuk menyampaikan program secara berkesan. (Standard ini mesti dibaca bersama dengan standard di 4.0 Tenaga Pengajar dan 5.0 Sumber Pendidikan). | D53: √ | F53: Menyemak dan meluluskan kapasiti pengambilan pelatih/perantis yang dibenarkan akan dinilai berdasarkan bilangan tenaga pengajar TVET (Standard 4) dan sumber latihan (Standard 5) yang boleh disediakan. | G53: 0 – Tiada Personel atau TEM 1 – Ada Personel tetapi TEM tidak mencukupi (penjadualan) 2 – TEM mencukupi tetapi Personel belum mencukupi nisbah 3 – Semua lengkap | H53: P | I53: 1
A54: 3.1.12 | B54: Perlu ada dasar dan mekanisme rayuan yang jelas bagi pengambilan pelajar. | D54: √ | F54: Menyemak dasar dan mekanisma rayuan bagi pengambilan pelajar i. Panduan pengambilan / rayuan pelajar; ii. Student handbook; iii. Keputusan temuduga; atau iv. Carta alir proses rayuan. | G54: 0 – Tiada 1 – Ada dan lengkap bagi 1 perkara daripada semua perkara 2 - Ada dan lengkap 2 perkara daripada semua perkara 3 – Semua dokumen dan prosedur dipenuhi | H54: P | I54: 1
A55: 3.1.13 | B55: Penyedia TVET mesti menyediakan khidmat sokongan pengukuhan/remedi yang bersesuaian kepada pelajar yang memerlukan. | C55: √ | D55: √ | E55: √ | F55: Menyemak rekod atau apa- apa dokumen berkaitan bagi khidmat sokongan yang disediakan. Contoh: Kaunseling, kewangan, bimbingan,kesihatan | G55: 0 – Tiada 1 – Ada jadual aktiviti sahaja 2 - Ada pengisian sahaja 3 – Ada jadual dan pengisian | H55: P | I55: 1
A56: 3.2 Khidmat Sokongan Pelajar
A57: 3.2.1 | B57: Pelajar mesti mempunyai akses kepada khidmat sokongan yang sesuai dan mencukupi, seperti kemudahan fizikal, sosial, kewangan, rekreasi dan dalam talian, kaunseling akademik dan bukan akademik dan perkhidmatan kesihatan. | C57: √ | F57: Mengesahkan terdapat kemudahan khidmat sokongan dan prosedur penggunaan fasiliti yang disediakan i. Pusat sumber/ruang bacaan ii. Sosial- surau, bilik tv, ruang rehat, pantri dll iii. Kewangan- mesin ATM iv. Rekreasi- gym, dewan serbaguna dan lain- lain. v. Kemudahan dalam talian – wifi, hotspot dll vi. Kaunseling akademik dan bukan akademik vii. Perkhidmatan kesihatan- bilik sakit; atau viii. Lain-lain kemudahan sokongan yang disediakan | G57: 0 – Tiada 1 – Ada 2 daripada semua kemudahan 2 - Ada 3 hingga 4 daripada semua kemudahan 3 – Sekurang-kurangnya terdapat 5 kemudahan disediakan | H57: F | I57: 1
A58: 3.2.2 | B58: Penyedia TVET perlu mempunyai unit pentadbiran khusus yang mengendalikan khidmat sokongan pelajar. Individu yang bertanggungjawab merancang dan melaksanakan khidmat sokongan pelajar mestilah mempunyai pengalaman yang bersesuaian. | C58: √ | F58: Mengesahkan lantikan dengan skop tugas dan tanggungjawab pentadbiran khidmat sokongan pelatih/ perantis. Antara dokumen boleh disemak: i. Surat lantikan, atau ii. Apa-apa dokumen berkaitan | G58: 0 – Tiada 1 – Surat lantikan dan senarai tugas dan tiada pengalaman 2 - Surat lantikan dan senarai tugas dan pengalaman/kelayakan tidak bersesuaian 3 – Surat lantikan dan senarai tugas dan pengalaman/kelayakan bersesuaian | H58: P | I58: 1
A59: 3.2.3 | B59: Program induksi yang berkesan kepada pelajar baru perlu disediakan terutama kepada pelajar luar bandar, pelajar antarabangsa dan pelajar berkeperluan khas. | C59: √ | E59: √ | F59: Menyemak perancangan / pelaksanaan program induksi pelatih/perantis baharu dan kandungan kursus. Boleh semak: i. Jadual perancangan / takwim; ii. Program induksi berkaitan / suaikenal; iii. Buku program; atau iv. Lain-lain platform yang bersesuaian. | G59: 0 – Tiada 1 – Ada 1 daripada semua perkara 2 - Ada 2 daripada semua perkara 3 – Semua disediakan | H59: P | I59: 1
A60: 3.2.4 | B60: Khidmat kaunseling akademik dan bukan akademik serta kaunseling kerjaya perlu dikendalikan oleh staf yang berkelayakan dan mencukupi. | D60: √ | F60: Mengesahkan lantikan pembimbing / kaunselor. Antara yang boleh disemak: i. Carta organisasi termasuk Unit Khidmat Kaunseling; ii. Surat lantikan sebagai pegawai kaunseling; iii. Senarai Tugas iii. Kaunselor Berdaftar / Rekod hadir kursus asas kaunseling / kursus yang berkaitan; atau iv. Rekod kaunseling atau Mentor/Mentee pelatih/perantis v. Rekod pencapaian pembimbing (career development programe); vi. Laporan penilaian kemahiran sosial dan kemanusiaan (SSSV); atau vii. Apa-apa dokumen berkaitan | G60: 0 – Tiada 1 – Ada surat lantikan dan senarai tugas 2 - Ada rekod hadir kursus/ berkelayakan 3 – Semua disediakan | H60: P | I60: 1
A61: 3.2.5 | B61: Mesti ada mekanisme untuk mengenal pasti dan membantu pelajar yang memerlukan latihan serta sokongan rohani, psikologi dan sosial secara aktif. | D61: √ | F61: Menyemak mekanisme bersesuaian. Antara yang boleh semak seperti: i. Prosedur/ Proses mengenalpasti pelajar yang memerlukan. i. Rekod kaunseling atau Mentor/Mentee pelatih/perantis Penilaian SSSV ii. Jadual perancangan; iii. Buku program; iv. Surat/memo; v. Laporan aktiviti bergambar; atau vi. Apa-apa bukti yang berkaitan | G61: 0 – Tiada 1 – Ada prosedur/ proses kenal pasti atau rekod aktiviti 3 – Ada prosedur/ proses kenal pasti dan rekod aktiviti | H61: P | I61: 1
A62: 3.2.6 | B62: Penyedia TVET mesti mempunyai proses dan prosedur yang jelas dan didokumenkan dalam menangani kes-kes disiplin pelajar. | C62: √ | F62: Menyemak proses dan prosedur menangani kes disiplin pelatih/perantis. Antara yang boleh disemak: i. Apa-apa dokumen yang menjelaskan dasar / prosedur dalam mengani kes-kes disiplin pelatih/perantis; ii. Carta alir proses dan prosedur pelaksanaan; iii Tindakan berdasarkan panduan dan peraturan disiplin; atau iv. Rekod / Catatan Tindakan tatatertib | G62: 0 – Tiada 1 – Ada 1 daripada semua perkara 3 – Ada 2 daripada semua perkara | H62: P | I62: 1
A63: 3.2.7 | B63: Penyedia TVET perlu ada mekanisme yang berkesan untuk pelajar menyuarakan ketidakpuasan hati dan pencarian penyelesaian berkaitan program atau lain-lain perkara. | D63: √ | F63: Menyemak mekanisme yang disediakan, seperti: i. Peti Cadangan; ii. Laman sesawang/portal aduan iii.Hari bersama pelanggan / ibu bapa / pelajar; atau iv.Dinyatakan di mana- mana platform yang bersesuaian. Tindakan penyelesaian kepada ketidakpuasan hati berkaitan. | G63: 0 – Tiada 1 – Ada 1 daripada semua perkara 2 - Ada 2 daripada semua perkara 3 – Ada 3 dan lebih disediakan | H63: P | I63: 1
A64: 3.2.8 | B64: Khidmat sokongan pelajar yang dilaksanakan mestilah dinilai keberkesanannya secara berkala bagi memastikan khidmat yang ditawarkan adalah mencukupi, berkesan dan selamat. | D64: √ | F64: Menyemak : i. Laporan / borang kepuasan pelanggan; ii. Laporan kerosakan peralatan / premis; atau iii. Apa-apa dokumen yang berkaitan | G64: 0 – Tiada 1 – Ada 1 daripada semua perkara 2 - Ada 2 daripada semua perkara 3 – Ada 3 dan lebih disediakan | H64: P | I64: 1
A65: 3.3 Perwakilan dan Penglibatan Pelajar
A66: 3.3.1 | B66: Penyedia TVET mesti mempunyai mekanisme yang menyokong penglibatan aktif pelajar berkaitan minat dan kebajikan mereka. Mekanisme ini perlu disebarluaskan mengunakan kaedah yang bersesuaian. | D66: √ | E66: √ | F66: Menyemak dan mengesahkan pelaksanaan aktiviti berkaitan. | G66: 0 – Tiada 1 – Ada 1 daripada semua perkara 2 - Ada 2 daripada semua perkara 3 – Ada semua perkara | H66: P | I66: 1
A67: 3.3.2 | B67: Perlu ada perwakilan dan persatuan pelajar yang mencukupi. | D67: √ | F67: Membuat semakan kewujudan perwakilan pelajar/perantis. Boleh semak: i. Carta organisasi; ii. Surat/memo lantikan; iii. Minit mesyuarat; iv.Jadual aktiviti tahunan/mana-mana platform yang bersesuaian; atau v. Apa-apa dokumen berkaitan (Tidak Terpakai Bagi PLK/PB Yang Mempunyai Pelatih / perantis yang kurang daripada 50 orang pada sesuatu masa) | G67: 0 – Tiada 1 – Ada 1 daripada semua perkara 2 - Ada 2 daripada semua perkara 3 – Ada 3 dan lebih disediakan | H67: P | I67: 1
A68: 3.3.3 | B68: Penyedia TVET perlu membantu pelajar untuk menjalinkan hubungan dengan pihak berkepentingan luaran bagi melancarkan aktiviti peningkatan kemahiran pelajar dalam pengurusan, keusahawanan, inovasi dan kepemimpinan. Ini adalah bagi melengkapkan pelajar dalam menghadapi dunia pekerjaan. | D68: √ | F68: Menyemak keterlibatan pelatih / perantis dalam aktiviti kerjasama strategik dengan dengan komuniti tempatan/syarikat/agensi- agensi yang berkaitan/pihak berkepentingan luaran. Antara yang boleh disemak seperti: i. Sebarang bentuk dokumen perjanjian/ kesefahaman bertulis; ii. Surat jalinan kerjasama / LOI / Surat Niat; iii. Laporan aktiviti yang meningkatkan kemahiran pengurusan, keusahawanan, inovatif dan kepimpinan sebagai persediaan alam pekerjaan; atau iv. Perancangan/takwim aktiviti. v. Minit mesyuarat; atau vi. Dokumen lain yang berkaitan | G68: 0 – Tiada 1 – Ada 1 daripada semua perkara 2 - Ada 2 daripada semua perkara 3 – Ada 3 dan lebih disediakan | H68: P | I68: 1
A69: 3.3.4 | B69: Penyedia TVET perlu membantu aktiviti perwakilan dan persatuan pelajar dalam menyokong penglibatan aktif pelajar dalam aktiviti yang membina karakter, menggalakkan pembelajaran sepanjang hayat, kesepunyaan, bertanggungjawab, nilai antara budaya dan sikap jati diri. | D69: √ | F69: Mengesahkan berlaku bantuan/galakan kepada organisasi pelajar untuk pelaksanaan aktiviti. Antara yang boleh disemak: i. Jadual aktiviti; ii. Laporan aktiviti pelajar/ gambar; iii. Kelulusan kertas kerja aktiviti iv. Minit mesyuarat; atau v. Surat / memo; atau vi. Apa-apa dokumen berkaitan | G69: 0 – Tiada 1 – Ada 1 daripada semua perkara 2 - Ada 2 daripada semua perkara 3 – Ada 3 dan lebih disediakan | H69: P | I69: 1
A70: 3.4 Alumni
A71: 3.4.1 | B71: Penyedia TVET harus menggalakkan alumni memainkan peranan dalam aktiviti pembangunan, kajian dan penambahbaikan program secara berterusan bagi menghubungkan pelajar dengan industri dan profesion. | D71: √ | F71: Menyemak dan mengesahkan platform dan kemudahan dalam menggalakkan alumni memainkan peranan dalam aktiviti pembangunan, kajian dan penambahbaikan program secara berterusan. Antara yang boleh disemak seperti: i. Carta organisasi jawatankuasa alumni / Pendaftaran alumni; ii. Minit mesyuarat; iii. Program alumni; atau iv. Dokumen lain yang berkaitan | G71: 0 – Tiada 1 – Ada 1 daripada semua perkara 2 - Ada 2 daripada semua perkara 3 – Ada 3 dan lebih disediakan | H71: P | I71: 1
A72: BIDANG 4: TENAGA PENGAJAR (TEACHING STAFF)
A73: STANDARD TVET | C73: JENIS PERMOHONAN | F73: PANDUAN KEPADA APV | G73: RUBRIK PEMARKAHAN | H73: KATEGORI SKALA PENILAIAN | I73: PEMBERAT | J73: SKOR | K73: JUMLAH SKOR | L73: CATATAN APV
A74: 4.1 | B74: Pengambilan dan Pengurusan | C74: B | D74: P | E74: T | K74: {=IF(F74:F90="","",IF((I74:I90*J74:J90)=0,"",(I74:I90*J74:J90)))}
A75: 4.1.1 | B75: Penyedia TVET mestilah mempunyai perancangan pengambilan tenaga pengajar yang jelas dan konsisten dengan dasar institusi dan keperluan program. | C75: √ | E75: √ | F75: Mengesahkan ada perancangan dan prosedur pengambilan pengajar. | G75: 0 – Tiada 1 – Ada perancangan 2 - Ada prosedur 3 – Ada perancangan dan prosedur | H75: P | I75: 1
A76: 4.1.2 | B76: Penyedia TVET mesti mempunyai dasar pengambilan tenaga pengajar yang jelas dan didokumenkan di mana kriteria pemilihan tenaga pengajar mestilah berasaskan merit kelayakan akademik dan pengalaman industri. | C76: √ | E76: √ | F76: Mengesahkan PLK/PB mempunyai dasar pengambilan tenaga pengajar yang jelas berdasarkan kriteria kelayakan yang ditetapkan. | G76: 0 – Tiada dasar 3 – Ada dasar pengambilan pengajar | H76: P | I76: 1
A77: 4.1.10 | B77: Penyedia TVET mestilah mempunyai tenaga pengajar sepenuh masa yang mencukupi untuk setiap program. Tenaga pengajar sepenuh masa hendaklah memenuhi keperluan sekurang-kurangnya 60%. Tenaga pengajar separuh masa boleh dilantik dari kalangan ahli akademik atau pengamal industri. | C77: √ | D77: √ | E77: √ | F77: Menyemak dan mengesahkan bilangan dan kelayakan personel pentauliahan mengikut ketetapan JPK. | G77: 0 – Kurang 60% PP & TP (jika berkaitan) sepenuh masa 3 – Lebih 60% PP & TP (jika berkaitan) sepenuh masa | H77: D | I77: 3
A78: 4.1.11 | B78: Dasar pengagihan tanggungjawab/tugas tenaga pengajar Penyedia TVET mestilah adil dan saksama. | C78: √ | D78: √ | E78: √ | F78: Mengesahkan maklumat pengagihan tugas adalah seimbang di kalangan tenaga pengajar. Antara bukti yang boleh disemak seperti: i. Carta organisasi program ii. Senarai tugas pengajar iii. Jadual latihan | G78: 0 – Tiada 1 – Ada 1 daripada semua perkara 2 - Ada 2 daripada semua perkara 3 – Ada semua | H78: D | I78: 1
A79: 4.1.12 | B79: Polisi dan tatacara pengiktirafan, ganjaran, kenaikan pangkat, kenaikan gaji dan ganjaran lain untuk tenaga pengajar mestilah jelas dan telus. | C79: √ | F79: Mengesahkan dasar, prosedur dan kriteria untuk pengiktirafan melalui kenaikan pangkat, kenaikan gaji atau lain-lain imbuhan tenaga pengajar adalah jelas dan telus. | G79: 0 – Tiada dasar 3 – Ada dasar | H79: P | I79: 1
A80: 4.1.13 | B80: Dasar lantikan dan kenaikan pangkat / gaji yang ditetapkan oleh Penyedia TVET mestilah selari dengan polisi dan dasar kebangsaan serta amalan baik antarabangsa. | C80: √ | F80: Mengesahkan PB merujuk Dasar Kerajaan atau amalan terbaik antarabangsa dalam proses pelantikan dan kenaikan pangkat. | G80: 0 – Tiada dasar 3 – Ada dasar | H80: P | I80: 1
A81: 4.1.14 | B81: Bagi menambah baik pembelajaran dan pengajaran program melalui libat sama para profesional dan pengamal industri, Penyedia TVET mestilah bekerjasama dengan pihak industri dan/atau pihak berkepentingan. | C81: √ | E81: √ | F81: Mengesahkan berlaku kerjasama industri dalam penambahbaikan dalam pengajaran dan pembelajaran program. Contoh bukti yang boleh disemak: i. Dokumen kerjasama dengan industri; ii. Minit mesyuarat; atau iii. Laporan industri. | G81: 0 – Tiada 1 – Ada 1 daripada semua perkara 2 - Ada 2 daripada semua perkara 3 – Ada 3 dan lebih disediakan | H81: D | I81: 3
A82: 4.2 Perkhidmatan dan Pembangunan | L82: 0
A83: 4.2.1 | B83: Penyedia TVET mesti mempunyai dasar yang mengandungi perkara yang berkaitan dengan perkhidmatan, pembangunan dan penilaian tenaga pengajar. | D83: √ | E83: √ | F83: Mengesahkan PLK/PB mempunyai dasar berkaitan perkhidmatan, pembangunan dan penilaian tenaga pengajar. Contoh bukti yang boleh disemak: i. Borang penilaian prestasi staf, ii. Borang maklum balas program : penilaian pengajar (oleh pelajar), atau iii.Perancangan latihan staf | G83: 0 – Tiada 1 – Ada 1 daripada semua perkara 2 - Ada 2 daripada semua perkara 3 – Ada 3 dan lebih disediakan | H83: P | I83: 1
A84: 4.2.2 | B84: Tenaga pengajar perlu diberikan autonomi yang mencukupi bagi memberi ruang kepada mereka untuk menumpukan dalam bidang kepakaran masing- masing. | C84: √ | E84: √ | F84: Mengesahkan melalui semakan i. Surat lantikan; dan ii.Senarai tugas atau deskripsi tugas tenaga pengajar mengikut program. | G84: 0 – Tiada 1 – Ada salah satu 3 – Semua ada | H84: D | I84: 1
A85: 4.2.3 | B85: Penyedia TVET mesti mempunyai dasar dan prosedur yang jelas dalam menangani isu berkaitan disiplin dan konflik kepentingan terutamanya berkaitan etika kerja/profesional, kerja sambilan, kerja di pelbagai organisasi dan khidmat perundingan. | C85: √ | E85: √ | F85: Mengesahkan keterangan dasar atau prosedur dilaksanakan berkaitan pengendalian kes-kes disiplin tenaga pengajar. | G85: 0 – Tiada 1 – Ada salah satu 3 – Semua ada | H85: P | I85: 1
A86: 4.2.4 | B86: Penyedia TVET mesti mempunyai mekanisme dan proses penilaian pelajar terhadap tenaga pengajar secara berkala bagi tujuan peningkatan kualiti pembelajaran dan pengajaran. | C86: √ | E86: √ | F86: Mengesahkan mekanisme dan proses penilaian berkala. Contoh bukti yang boleh disemak: i. Dokumen panduan atau peraturan; ii. Borang maklum balas program : penilaian pengajar (oleh pelajar), iii. Analisa maklum balas iv. Tindakan penambahbaikan; atau v. Apa-apa dokumen yang berkaitan | G86: 0 – Tiada 1 – Ada 1 daripada semua perkara 2 - Ada 2 daripada semua perkara 3 – Ada 3 dan lebih disediakan | H86: P | I86: 1
A87: 4.2.5 | B87: Penyedia TVET mesti mempunyai program pembangunan dan peningkatan profesional yang berterusan termasuk program induksi kepada tenaga pengajar. | C87: √ | E87: √ | F87: Menyemak dan mengesahkan pelan perancangan program pembangunan profesional dan kemajuan kerjaya tenaga pengajar. Contoh bukti yang boleh disemak: i. Sasaran kerja tahunan; ii. Perancangan Kursus / latihan tahunan pengajar; iii. Rekod atau laporan Continuous Profesional Development (CPD); iv. Induksi berkaitan; v. Program Peningkatan kemahiran; vi. Penyertaan pertandingan / seminar / Conference / Kolokium; vii. Insentif yang disediakan untuk menyokong membantu tenaga pengajar untuk meningkatkan kepakaran dalam pengajaran selaras dengan trend semasa dalam pedagogi, reka bentuk kurikulum, bahan pengajaran dan penilaian; atau viii. Latihan Sangkutan Industri (LSI) | G87: 0 – Tiada 3 – Sekurang-kurangnya 1 | H87: P | I87: 1
A88: 4.2.6 | B88: Penyedia TVET mesti memastikan semua tenaga pengajar mengambil bahagian dalam latihan sangkutan perindustrian untuk tempoh kumulatif satu bulan dalam setiap dua tahun. | C88: √ | E88: √ | F88: Menyemak pelan perancangan bagi pelaksanaan pengajar TVET mengikuti latihan sangkutan industri untuk tempoh kumulatif satu bulan setiap 2 tahun (Bagi permohonan Pentauliahan Pembaharuan Program) Menyemak dan mengesahkan laporan pelaksanaan latihan sangkutan industri *Kriteria ini akan berkuatkuasa pada Tahun 2026 | G88: 0 – Tidak hadir/ tiada perancangan 3 – Hadir/ ada perancangan | H88: D | I88: 3
A89: 4.2.7 | B89: Penyedia TVET mesti memberi peluang kepada tenaga pengajar untuk mengambil bahagian dalam latihan profesional dan lain-lain latihan yang relevan di peringkat kebangsaan dan antarabangsa untuk mendapatkan kelayakan profesional bagi meningkatkan keberkesanan pembelajaran dan pengajaran. | D89: √ | F89: Menyemak dan mengesahkan pelaksanaan insentif dan galakan diberikan kepada pengajar. Contoh bukti yang boleh disemak: i. Sijil kursus/seminar/ persidangan ii. Laporan iii. Dokumen berkaitan yang berkaitan | G89: 0 – Tiada 1 – Ada 1 daripada semua perkara 2 - Ada 2 daripada semua perkara 3 – Ada semua/ mengambil bahagian di peringkat antarabangsa | H89: P | I89: 1
A90: 4.2.8 | B90: Penyedia TVET mesti memberi galakan dan memudahkan tenaga pengajar bergiat aktif dalam aktiviti komuniti. | C90: √ | E90: √ | F90: Menyemak pelaksanaan PLK/PB dalam menggalakkan dan memudahkan staf akademik memainkan peranan aktif dalam penglibatan komuniti. Contoh bukti yang boleh disemak: i. Perancangan aktiviti/Takwim tahunan; ii. Sijil Penghargaan; atau iii. Insentif yang disediakan iv. Dokumen lain yang berkaitan | G90: 0 – Tiada 1 – Ada 1 daripada semua perkara 3 - Ada 2 dan lebih disediakan | H90: P | I90: 1
A91: BIDANG 5: KEMUDAHAN
A92: STANDARD TVET | C92: JENIS PERMOHONAN | F92: PANDUAN KEPADA APV | G92: RUBRIK PEMARKAHAN | H92: KATEGORI SKALA PENILAIAN | I92: PEMBERAT | J92: SKOR | K92: JUMLAH SKOR | L92: CATATAN APV
A93: 5.1 | B93: Kemudahan Fizikal | C93: B | D93: P | E93: T | K93: {=IF(F93:F102="","",IF((I93:I102*J93:J102)=0,"",(I93:I102*J93:J102)))}
A94: 5.1.1 | B94: Penyedia TVET mesti menyediakan kemudahan fizikal dan sumber latihan yang mencukupi, relevan dan sesuai pada permulaan program untuk memastikan penghantarannya yang efektif termasuk kemudahan untuk program berasaskan praktikal dan bagi mereka yang mempunyai keperluan khas. | C94: √ | D94: √ | E94: √ | F94: Menyemak dan menilai kecukupan kemudahan fizikal seperti yang disenaraikan. | G94: 0 – Tidak memenuhi 1 – Memenuhi TEM melalui MOU/ Surat Kebenaran Penggunaan 2 - Memenuhi senarai TEM secara penjadualan 3 – Memenuhi senarai TEM | H94: F | I94: 3
A95: 5.1.2 | B95: Penyedia TVET boleh menggunakan peralatan dan kemudahan sehingga 40% di premis luar untuk akitiviti pengajaran dan pembelajaran. | C95: √ | D95: √ | E95: √ | F95: Menyemak dan mengesahkan perkara berikut: i. Dokumen kerjasama PLK/PB dengan rakan industri / pihak yang berkaitan, bagi penggunaan peralatan dan kemudahan. ii. Jadual latihan dan penggunaan peralatan dan kemudahan di premis luar sejajar dengan keperluan program | G95: 0 – Tidak memenuhi 3 – Memenuhi semua/ tiada keperluan MOU | H95: D | I95: 1
A96: 5.1.3 | B96: Kemudahan fizikal dan sumber latihan penyedia dan, sekiranya berkenaan, rakan kerjasama, mesti mematuhi undang- undang dan peraturan yang berkaitan. | C96: √ | D96: √ | E96: √ | F96: Menyemak bukti pematuhan kemudahan fizikal kepada undang- undang dan peraturan yang berkaitan termasuk isu perlesenan. Antara perkara yang boleh disemak ialah: i. Manual penggunaan mesin; ii. Jadual penyelenggaraan; atau iii. Dokumen perlesenan dari Pihak Berkuasa berkaitan mengikut keperluan. | G96: 0 – Tidak memenuhi 3 – Memenuhi semua/ tiada keperluan | H96: D | I96: 3
A97: 5.1.4 | B97: Perpustakaan atau pusat sumber mestilah mempunyai bahan rujukan fizikal dan / atau online yang mencukupi dan terkini, komputer dan akses internet. *Program di bawah JPK hanya perlu mempunyai pusat sumber sahaja. | C97: √ | F97: Mengesahkan perkara berikut: i. Perpustakaan dibuktikan secara fizikal dan bahan rujukan berserta internet atau e- library; atau ii. Pusat sumber / sudut bacaan dibuktikan secara fizikal dan bahan rujukan. | G97: 0 – Tidak memenuhi 1 – Ada sudut bacaan dan bahan rujukan berkaitan dengan program 2 - Ada perpustakaan/ pusat sumber beserta internet atau e-library tetapi bahan rujukan fizikal tidak berkaitan dengan program 3 – Memenuhi semua | H97: F | I97: 1
A98: 5.1.5 | B98: Sumber latihan, perkhidmatan dan kemudahan mesti dikaji semula secara berkala dan diperbaiki untuk mengekalkan kualiti dan kesesuaian mereka untuk pendidikan dan latihan semasa. | D98: √ | E98: √ | F98: Mengesahkan bahawa sumber latihan, perkhidmatan dan kemudahan dikaji secara berkala bagi mengekalkan kualiti dan kesesuaian untuk pendidikan latihan semasa. Antara perkara yang boleh disemak ialah: i. Minit mesyuarat Jawankuasa Penilaian; ii. Minit mesyuarat PPPB yang telah disahkan oleh Panel Penilaian Pusat Bertauliah (PPPB) bagi membuktikan penilaian dan pencapaian hasil pembelajaran program disemak secara sistematik dan berkala (Bagi PLK/PB SLaPB sahaja); atau iii. Lain-lain dokumen / bukti yang berkaitan | G98: 0 – Tiada 1 – Ada 1 daripada semua perkara 3 – Ada 2 dan lebih perkara | H98: P | I98: 1
A99: 5.1.6 | B99: Penyedia TVET mesti memperuntukkan dana yang mencukupi untuk menjalankan penyelenggaraan terjadual semua kemudahan dan peralatan termasuk penggantian dan naik taraf. | C99: √ | D99: √ | E99: √ | F99: Menyemak bajet tahunan bagi penyelenggaran dan rekod penyelenggaraan melalui semakan perkara berikut : i. Rekod bajet tahunan; dan ii. Rekod penyelenggaraan. | G99: 0 – Tiada 1 – Ada 1 daripada semua perkara 2 - Ada 2 daripada semua perkara 3 – Ada semua perkara | H99: P | I99: 1
A100: 5.3 Sumber Kewangan
...

Sheet F Syor
A1: F. ULASAN KESELURUHAN (Penemuan/ Komen/ Cadangan Penambahbaikan)
A20: G. COPTPA : PERATUSAN MARKAH DIPEROLEHI MENGIKUT BIDANG
A21: BIDANG | B21: BIDANG 1 (Pembangunan Dan Penyampaian Program) | C21: BIDANG 2 (Penilaian Pembelajaran Pelatih) | D21: BIDANG 3 (Pemilihan Pelatih dan Khidmat Sokongan) | F21: BIDANG 4 (Tenaga Pengajar) | G21: BIDANG 5 (Kemudahan) | H21: BIDANG 6 (Pengurusan Program) | I21: BIDANG 7 (Pemantauan Serta Semakan Semula Program Dan Penambahbaikan Kualiti Berterusan) | J21: PERATUSAN MARKAH KESELURUHAN
A22: % Markah | B22: =SUMIF('E COPTPA'!A9:A130,"1.*",'E COPTPA'!K9:K130) -> 0 | C22: =SUMIF('E COPTPA'!A9:A130,"2.*",'E COPTPA'!K9:K130) -> 0 | D22: =SUMIF('E COPTPA'!A9:A130,"3.*",'E COPTPA'!K9:K130) -> 0 | F22: =SUMIF('E COPTPA'!A9:A130,"4.*",'E COPTPA'!K9:K130) -> 0 | G22: =SUMIF('E COPTPA'!A9:A130,"5.*",'E COPTPA'!K9:K130) -> 0 | H22: =SUMIF('E COPTPA'!A9:A130,"6.*",'E COPTPA'!K9:K130) -> 0 | I22: =SUMIF('E COPTPA'!A9:A130,"7.*",'E COPTPA'!K9:K130) -> 0 | J22: ='E COPTPA'!K133 -> 0
A23: H. SYOR VERIFIKASI
A24: Bil | B24: Kod NOSS | F24: Syor Panel | I24: Kapasiti Program
A25: 1 | F25: Sokong / Tidak Sokong
A26: 2 | F26: Sokong / Tidak Sokong
A27: 3 | F27: Sokong / Tidak Sokong
A28: I. PERAKUAN PANEL
A29: Kami mengesahkan bahawa Lawatan Penentusahan Pentauliahan Program telah dilakukan terhadap permohonan ini. Kami juga bertanggungjawab sepenuhnya terhadap laporan penentusahan ini dan ianya mematuhi panduan pentauliahan yang sedang berkuatkuasa.
A48: J. PENGESAHAN PPB / PENGURUS PLK / WAKIL PLK/PB
A49: Dengan ini saya mengesahkan bahawa Panel telah melaksanakan penilaian dan memaklumkan hasil lawatan di PLK/PB seperti dinyatakan di atas.

Sheet Komen
A1: F. ULASAN KESELURUHAN (Penemuan/ Komen/ Cadangan Penambahbaikan)
A2: NOTA : 1. TAHAP 3 ada 6 kredit untuk LI. Kredit Latihan Industri (LI) diberikan secara automatik bagi pelaksaan SLDN. Kalu ikut minimum kedit bergraduat , kredit minimum tahap 3= 30 kredit. Bila tolak LI tinggal 24 kredit. 24 kredit x 40 = 960 jam. Adakah tempoh latihan boleh jadi 960 jam atau perlu buat 30x40= 1200 jam?

Sheet Verifikasi Sykt & SI
A1: G. VERIFIKASI PROGRAM DAN COACH DI SYARIKAT/SYARIKAT LATIHAN DALAMAN (IN-HOUSE)
A2: BIL | B2: KOD NOSS/ TAHAP | F2: KEMUDAHAN PRAKTIKAL | X2: MAKLUMAT COACH | AR2: CATATAN
F3: Proses Kerja (JPK/SLDN/PK01) | J3: Peralatan Berdasarkan CU/Duti/WA/Task (JPK/SLDN/PS01) | N3: Bahan Penilaian Praktikal | R3: NOSS Terkini | U3: MOU Dengan PB/PLK Lain (Kecuali SI) | X3: Nama Coach No KP Emel | AF3: Kursus SLDN | AJ3: Kehadiran Coach | AN3: Pengalaman Bekerja Berkaitan Program
A4: 1 | G4: Lengkap | K4: Lengkap | O4: Lengkap | S4: Ada | V4: Ada | AG4: Induksi | AK4: Hadir | AO4: < 3 Thn
G5: Separa | K5: Separa | O5: Separa | S5: Tiada | V5: Tiada | AG5: Coach | AK5: Tidak | AO5: ≥ 3 Thn
G6: Tiada | K6: Tiada | O6: Tiada | AG6: PPKSPP | AK6: THDI
A7: 2 | G7: Lengkap | K7: Lengkap | O7: Lengkap | S7: Ada | V7: Ada | AG7: Induksi | AK7: Hadir | AO7: < 3 Thn
G8: Separa | K8: Separa | O8: Separa | S8: Tiada | V8: Tiada | AG8: Coach | AK8: Tidak | AO8: ≥ 3 Thn
G9: Tiada | K9: Tiada | O9: Tiada | AG9: PPKSPP | AK9: THDI
A10: 3 | G10: Lengkap | K10: Lengkap | O10: Lengkap | S10: Ada | V10: Ada | AG10: Induksi | AK10: Hadir | AO10: < 3 Thn
G11: Separa | K11: Separa | O11: Separa | S11: Tiada | V11: Tiada | AG11: Coach | AK11: Tidak | AO11: ≥ 3 Thn
G12: Tiada | K12: Tiada | O12: Tiada | AG12: PPKSPP | AK12: THDI
A13: 4 | G13: Lengkap | K13: Lengkap | O13: Lengkap | S13: Ada | V13: Ada | AG13: Induksi | AK13: Hadir | AO13: < 3 Thn
G14: Separa | K14: Separa | O14: Separa | S14: Tiada | V14: Tiada | AG14: Coach | AK14: Tidak | AO14: ≥ 3 Thn
G15: Tiada | K15: Tiada | O15: Tiada | AG15: PPKSPP | AK15: THDI
A16: 5 | G16: Lengkap | K16: Lengkap | O16: Lengkap | S16: Ada | V16: Ada | AG16: Induksi | AK16: Hadir | AO16: < 3 Thn
G17: Separa | K17: Separa | O17: Separa | S17: Tiada | V17: Tiada | AG17: Coach | AK17: Tidak | AO17: ≥ 3 Thn
G18: Tiada | K18: Tiada | O18: Tiada | AG18: PPKSPP | AK18: THDI
A19: 6 | G19: Lengkap | K19: Lengkap | O19: Lengkap | S19: Ada | V19: Ada | AG19: Induksi | AK19: Hadir | AO19: < 3 Thn
G20: Separa | K20: Separa | O20: Separa | S20: Tiada | V20: Tiada | AG20: Coach | AK20: Tidak | AO20: ≥ 3 Thn
G21: Tiada | K21: Tiada | O21: Tiada | AG21: PPKSPP | AK21: THDI
A22: 7 | G22: Lengkap | K22: Lengkap | O22: Lengkap | S22: Ada | V22: Ada | AG22: Induksi | AK22: Hadir | AO22: < 3 Thn
G23: Separa | K23: Separa | O23: Separa | S23: Tiada | V23: Tiada | AG23: Coach | AK23: Tidak | AO23: ≥ 3 Thn
G24: Tiada | K24: Tiada | O24: Tiada | AG24: PPKSPP | AK24: THDI
A25: 8 | G25: Lengkap | K25: Lengkap | O25: Lengkap | S25: Ada | V25: Ada | AG25: Induksi | AK25: Hadir | AO25: < 3 Thn
G26: Separa | K26: Separa | O26: Separa | S26: Tiada | V26: Tiada | AG26: Coach | AK26: Tidak | AO26: ≥ 3 Thn
G27: Tiada | K27: Tiada | O27: Tiada | AG27: PPKSPP | AK27: THDI
A29: H. VERIFIKASI PERALATAN DI SYARIKAT / SYARIKAT LATIHAN DALAMAN (IN-HOUSE)
A30: BIL | B30: PERKARA | AB30: STATUS | AH30: BILANGAN | AM30: CATATAN
A31: 1 | B31: Premis sesuai untuk latihan praktikal | AB31: Ya / Tidak
A32: 2 | B32: Pencahayaan dalaman sesuai untuk latihan praktikal | AB32: Ya / Tidak
A33: 3 | B33: Kapasiti perantis keseluruhan jika program berjalan serentak
A35: I. VERIFIKASI PERALATAN DI SYARIKAT/AGENSI/PREMIS LUAR (jika berkaitan)
A36: BIL | B36: PROGRAM | J36: KEMUDAHAN PRAKTIKAL | Y36: MAKLUMAT SYARIKAT/AGENSI LUAR/ PUSAT LATIHAN | AL36: SYOR PEGAWAI VERIFIKASI | AR36: SYOR PEG VERIFIKASI
B37: Kod NOSS/ Tahap | F37: Cu/Duti/ WA/Task Terlibat | J37: Penilaian Proses Kerja (JPK/SLDN/PK01) | N37: Penilaian Peralatan Berdasa-rkan CU/Duti/ WA/Task (JPK/SLDN/PS01) | R37: Premis Sesuai Untuk Latihan | V37: MOU | Y37: Nama Agensi/Premis Luar | AC37: Alamat Agensi/ Premis Luar
A38: 1 | K38: Lengkap | O38: Lengkap | S38: Ya | W38: Ada | AN38: Ya | AS38: Diperaku
K39: Separa | O39: Separa | S39: Tidak | W39: Tiada | AN39: Tidak | AS39: Tidak Peraku
K40: Tiada | O40: Tiada
A41: 2 | K41: Lengkap | O41: Lengkap | S41: Ya | W41: Ada | AN41: Ya | AS41: Diperaku
K42: Separa | O42: Separa | S42: Tidak | W42: Tiada | AN42: Tidak | AS42: Tidak Peraku
K43: Tiada | O43: Tiada
A44: 3 | K44: Lengkap | O44: Lengkap | S44: Ya | W44: Ada | AN44: Ya | AS44: Diperaku
K45: Separa | O45: Separa | S45: Tidak | W45: Tiada | AN45: Tidak | AS45: Tidak Peraku
K46: Tiada | O46: Tiada

Sheet Verifikasi SY & SI 
A1: G. VERIFIKASI PROGRAM DAN COACH DI SYARIKAT/ SYARIKAT LATIHAN DALAMAN (IN-HOUSE)
A2: Bil | B2: Kod NOSS Mengikut Tahap | F2: Kemudahan Praktikal | Q2: Kapasiti Perantis/ Tahap | T2: Bilangan Coach Layak Diperaku | W2: Catatan
F3: Proses Kerja (JPK/SLDN/PK01) | J3: Peralatan Berdasarkan CU/Duti/WA/Task (JPK/SLDN/PS01) | N3: NOSS Terkini
G4: Lengkap | K4: Diperaku | O4: Ada
G5: > Separa (70%) | K5: Tidak Diperaku | O5: Tiada
G6: Tiada (<70%) | O6: n/a
G7: Lengkap | K7: Diperaku | O7: Ada
G8: > Separa (70%) | K8: Tidak Diperaku | O8: Tiada
G9: Tiada (<70%) | O9: n/a
G10: Lengkap | K10: Diperaku | O10: Ada
G11: > Separa (70%) | K11: Tidak Diperaku | O11: Tiada
G12: Tiada (<70%) | O12: n/a
G13: Lengkap | K13: Diperaku | O13: Ada
G14: > Separa (70%) | K14: Tidak Diperaku | O14: Tiada
G15: Tiada (<70%) | O15: n/a
G16: Lengkap | K16: Diperaku | O16: Ada
G17: > Separa (70%) | K17: Tidak Diperaku | O17: Tiada
G18: Tiada (<70%) | O18: n/a
G19: Lengkap | K19: Diperaku | O19: Ada
G20: > Separa (70%) | K20: Tidak Diperaku | O20: Tiada
G21: Tiada (<70%) | O21: n/a
G22: Lengkap | K22: Diperaku | O22: Ada
G23: > Separa (70%) | K23: Tidak Diperaku | O23: Tiada
G24: Tiada (<70%) | O24: n/a
G25: Lengkap | K25: Diperaku | O25: Ada
G26: > Separa (70%) | K26: Tidak Diperaku | O26: Tiada
G27: Tiada (<70%) | O27: n/a
G28: Lengkap | K28: Diperaku | O28: Ada
G29: > Separa (70%) | K29: Tidak Diperaku | O29: Tiada
G30: Tiada (<70%) | O30: n/a
G31: Lengkap | K31: Diperaku | O31: Ada
G32: > Separa (70%) | K32: Tidak Diperaku | O32: Tiada
G33: Tiada (<70%) | O33: n/a
G34: Lengkap | K34: Diperaku | O34: Ada
G35: > Separa (70%) | K35: Tidak Diperaku | O35: Tiada
G36: Tiada (<70%) | O36: n/a
A37: H. VERIFIKASI PERALATAN DI SYARIKAT / SYARIKAT LATIHAN DALAMAN (IN-HOUSE)
A38: Bil | B38: Perkara | M38: Status/Kapasiti | U38: Catatan
A39: 1 | B39: Premis sesuai untuk latihan praktikal | M39: Ya / Tidak
A40: 2 | B40: Kapasiti perantis keseluruhan jika program berjalan serentak
A41: 3 | B41: Pencahayaan dan pengudaraan dalaman sesuai untuk latihan praktikal (Kemudahan pengudaraan dan pencahayaan yang menepati kehendak UBBL) | M41: Sesuai / Tidak Sesuai
A42: I. VERIFIKASI PERALATAN DI SYARIKAT / AGENSI / PREMIS LUAR (jika berkaitan)
A43: Bil | B43: Program | F43: Kemudahan Praktikal | T43: Nama dan alamat Agensi/ Premis Luar | Y43: Syor Pegawai Verifikasi
B44: Kod NOSS/ Tahap | D44: Cu/Duti/WA/ Task terlibat | F44: Penilaian Proses Kerja (JPK/SLDN/PK01) | J44: Penilaian Peralatan Berdasarkan CU/Duti/ WA/Task (JPK/SLDN/PS01) | N44: Premis Sesuai Untuk Latihan | Q44: MOU
G45: Lengkap | K45: Lengkap | O45: Ya | R45: Ada | Y45: Sesuai / Tidak Sesuai
G46: Separa | K46: Separa | O46: Tidak | R46: Tiada
G47: Tiada | K47: Tiada
G48: Lengkap | K48: Lengkap | O48: Ya | R48: Ada | Y48: Sesuai / Tidak Sesuai
G49: Separa | K49: Separa | O49: Tidak | R49: Tiada
G50: Tiada | K50: Tiada
G51: Lengkap | K51: Lengkap | O51: Ya | R51: Ada | Y51: Sesuai / Tidak Sesuai
G52: Separa | K52: Separa | O52: Tidak | R52: Tiada
G53: Tiada | K53: Tiada
